{
  "flutter": {
    "platforms": {
      "android": {
        "default": {
          "projectId": "project-akhir-ae382",
          "appId": "1:229707096553:android:f32b7b4a61561a8d75eb78",
          "fileOutput": "android/app/google-services.json"
        }
      },
      "dart": {
        "lib/firebase_options.dart": {
          "projectId": "project-akhir-ae382",
          "configurations": {
            "android": "1:229707096553:android:f32b7b4a61561a8d75eb78",
            "ios": "1:229707096553:ios:ef4d476e1196690c75eb78",
            "macos": "1:229707096553:ios:ef4d476e1196690c75eb78",
            "web": "1:229707096553:web:e7e7aa5b11dc2e8675eb78",
            "windows": "1:229707096553:web:f575bfcf8b64e83d75eb78"
          }
        }
      }
    }
  },
  "emulators": {
    "dataconnect": {
      "dataDir": "dataconnect/.dataconnect/pgliteData"
    },
    "apphosting": {
      "port": 5002,
      "rootDirectory": "./",
      "startCommand": "npm run dev"
    },
    "auth": {
      "port": 9099
    },
    "functions": {
      "port": 5001
    },
    "firestore": {
      "port": 8080
    },
    "database": {
      "port": 9000
    },
    "hosting": {
      "port": 5000
    },
    "pubsub": {
      "port": 8085
    },
    "storage": {
      "port": 9199
    },
    "eventarc": {
      "port": 9299
    },
    "tasks": {
      "port": 9499
    },
    "ui": {
      "enabled": true,
      "port": 0
    },
    "singleProjectMode": true
  },
  "dataconnect": {
    "source": "dataconnect"
  },
  "firestore": {
    "rules": "project_akhir_rules",
    "indexes": "project_akhir_indexes"
  },
  "functions": [
    {
      "source": "functions",
      "codebase": "default",
      "predeploy": [
        "npm --prefix \"$RESOURCE_DIR\" run build"
      ]
    },
    {
      "source": "test-1",
      "codebase": "test-project-akhir",
      "ignore": [
        "node_modules",
        ".git",
        "firebase-debug.log",
        "firebase-debug.*.log",
        "*.local"
      ]
    }
  ],
  "hosting": {
    "public": "public",
    "ignore": [
      "firebase.json",
      "**/.*",
      "**/node_modules/**"
    ]
  },
  "storage": {
    "rules": "storage.ryles"
  },
  "remoteconfig": {
    "template": "remoteconfig_template.json"
  },
  "extensions": {},
  "database": {
    "rules": "database.rules.json"
  }
}
